id,company,location,type,user_id
1,,Uppsala, Sweden,ORG,1
2,Rice University,Houston, TX,USR,2
3,Princeton University,Brooklyn, NY,USR,3
6,University of California, Berkeley,Berkeley, CA,USR,6
7,,Boston, MA,ORG,7
8,,Menlo Park, CA,ORG,8
9,-,Heraklion, Crete, Greece,USR,9
10,Department of Statistics, Iowa State University,Ames, IA,USR,10
12,,Montenegro,USR,12
13,-,-,ORG,13
14,,Dallas, TX, USA,USR,14
15,,--,USR,15
16,-,InterWebs,ORG,16
17,-,-,USR,17
18,-,-,USR,18
19,Myself,France,USR,19
20,-,-,USR,20
21,-,-,USR,21
22,-,-,USR,22
23,-,-,USR,23
24,-,-,USR,24
25,-,-,USR,25
26,NYU Causation & Categorization Lab ,New York ,USR,26
27,-,-,USR,27
28,-,-,USR,28
29,BitBang Srl,Bologna, Italy,USR,29
30,Asian Institute of Technology,Thailand,USR,30
31,Hypoport AG,Germany,USR,31
32,-,Germany,USR,32
33,,Sao Paulo,USR,33
34,-,-,USR,34
35,Mynd, Inc.,Tokyo,USR,35
36,Misadventure Games,Mountain View, Ca,USR,36
37,,Montreal, Canada,USR,37
38,Imaginary Cloud,Portugal,USR,38
39,-,Sydney, Australia,USR,39
40,GSI Technology,austin, 'yall,USR,40
41,Puppet Labs,Portland, OR,USR,41
42,SaltStack.com,-,USR,42
43,8th Light,Vernon Hills, IL,USR,43
44,GP solution,Bolivia,USR,44
45,-,Toronto, Canada,USR,45
46,-,-,USR,46
47,NullPointer Software,San Francisco Bay Area,USR,47
48,GitHub,Lansing, MI,USR,48
49,-,Oulu,USR,49
50,-,Warsaw, Poland,USR,50
51,-,-,USR,51
52,itbrain,México,USR,52
53,-,-,USR,53
54,,Mesa, AZ,USR,54
55,-,-,USR,55
56,Rackspace,San Antonio, TX,USR,56
57,Youngstown State University,Youngstown, Ohio, USA,USR,57
58,-,-,USR,58
59,-,-,USR,59
60,-,atlanta, ga - USA,USR,60
61,-,-,USR,61
62,Digitale Daten,Winterthur-Zürich-Switzerland,USR,62
63,-,-,USR,63
64,-,University of Calgary,USR,64
65,NYU Computational Cognition Lab,New York,USR,65
66,-,-,USR,66
67,http://bajcic.com,Belgrade, Serbia,USR,67
68,Lightstream Enterprise LLC,-,USR,68
69,-,Austin, TX,USR,69
70,Studio8 Media,Aberystwyth, Wales,USR,70
71,-,-,USR,71
72,Nerd Web Indonesia,Yogyakarta,USR,72
73,-,Fort Collins, CO,USR,73
74,-,-,USR,74
75,-,-,USR,75
76,National Cancer Institute,-,USR,76
77,-,-,USR,77
78,UCL Centre for Advanced Spatial Analysis (CASA),London ⇄ Dublin,USR,78
79,Fisheye Perspective,Auckland,USR,79
80,,New York,USR,80
81,-,-,USR,81
82,,--,USR,82
83,-,-,USR,83
84,-,-,USR,84
85,-,-,USR,85
86,-,Eastern PA,USR,86
87,University of Cambridge,-,USR,87
88,-,Denver,USR,88
89,-,-,USR,89
90,-,-,USR,90
91,McGill University,Montreal,USR,91
92,jianshi,shanghai,USR,92
93,Neural Risk Analytics Pvt. Ltd.,Mumbai,USR,93
94,-,Toronto,USR,94
95,-,Italy,USR,95
96,-,-,USR,96
97,-,-,USR,97
98,-,Mexico,USR,98
99,-,-,USR,99
100,-,-,USR,100
101,,Mexico City, MX,USR,101
102,-,-,USR,102
103,-,-,USR,103
104,Bityarn Consult Company Ltd,Nairobi, Kenya,USR,104
105,-,-,USR,105
106,Uniba Inc.,-,USR,106
107,-,-,USR,107
108,-,-,USR,108
109,-,-,USR,109
110,-,-,USR,110
111,trendmicro,nanjing,USR,111
112,-,-,USR,112
113,-,-,USR,113
114,Intridea,Chengdu China,USR,114
115,-,-,USR,115
116,-,-,USR,116
117,-,-,USR,117
118,drawk llc (drawcode webs/apps + drawlabs games),Chandler, AZ,USR,118
119,-,London/UK,USR,119
120,-,-,USR,120
121,Code Presence,Durham, NC,USR,121
122,-,UK,USR,122
123,-,-,USR,123
124,-,Melbourne,USR,124
125,-,-,USR,125
126,University of Helsinki,Helsinki,USR,126
127,-,-,USR,127
128,-,-,USR,128
129,-,-,USR,129
130,-,-,USR,130
131,-,-,USR,131
132,-,-,USR,132
133,Elastic,Palo Alto, CA,USR,133
134,-,-,USR,134
135,-,-,USR,135
136,-,China,USR,136
137,Shades of Grey Interactive,Texas,USR,137
138,-,-,USR,138
139,-,-,USR,139
140,-,-,USR,140
141,-,-,USR,141
142,37signals,Pittsburgh, PA,USR,142
143,-,-,USR,143
144,-,-,USR,144
145,Nival,Belarus, Minsk,USR,145
146,,Santa Monica, CA,USR,146
147,-,-,USR,147
148,Hornby Zeller Associates,Upstate New York,USR,148
149,-,-,USR,149
150,-,Belgium,USR,150
151,-,-,USR,151
152,-,-,USR,152
153,Classting,Seoul, Korea,USR,153
154,-,Moscow, Russian Federation,USR,154
155,-,-,USR,155
156,-,DaLian, LiaoNing, China,USR,156
157,-,-,USR,157
158,baycode,shenzhen,USR,158
159,-,-,USR,159
160,-,-,USR,160
161,-,India,USR,161
162,-,New Zealand,USR,162
163,-,Taiwan,USR,163
164,-,-,USR,164
165,,Budapest,USR,165
166,,-,USR,166
167,-,Capelle aan den Ijssel,USR,167
168,-,-,USR,168
169,-,-,USR,169
170,ThoughtWorks,Melbourne,USR,170
171,-,-,USR,171
172,-,Amsterdam,USR,172
173,-,-,USR,173
174,-,-,USR,174
175,-,--,USR,175
176,Scality,Europe/Paris,USR,176
177,-,Russia, Moscow,USR,177
178,CrowdLab,Leicester, UK,USR,178
179,genua mbh,Munich,USR,179
180,NVIDIA,UK,USR,180
181,LiveU,Romania, Bucuresti,USR,181
182,The Homestead,Denmark,USR,182
183,-,-,USR,183
184,-,-,USR,184
185,-,-,USR,185
186,-,-,USR,186
187,-,Berkeley, CA,USR,187
188,-,Vancouver, BC,USR,188
189,,Italy,USR,189
190,-,-,USR,190
191,NOVP ltd.,Skopje, Macedonia,USR,191
192,-,china,USR,192
193,-,Arizona,USR,193
194,,Taipei, Taiwan,USR,194
195,bDone,Budapest, Hungary,USR,195
196,-,-,USR,196
197,-,-,USR,197
198,-,Aberystwyth,USR,198
199,-,Strasbourg, France,USR,199
200,-,-,USR,200
201,-,-,USR,201
202,-,Stockholm,USR,202
203,Google,SF/Bay Area,USR,203
204,-,Vancouver, BC, Canada, Planet Earth, Solar System, Milky Way,USR,204
205,-,-,USR,205
206,-,Hyderabad, India,USR,206
207,,London,USR,207
208,-,Nanjing,China,USR,208
209,-,-,USR,209
210,-,Germany,USR,210
211,-,Sussex, U.K.,USR,211
212,-,-,USR,212
213,-,Beijing, China,USR,213
214,Passionate Python Lovers,Germany,USR,214
215,-,Paris, France,USR,215
216,-,-,USR,216
217,OnSails,Russia, Moscow,USR,217
218,-,-,USR,218
219,-,Ouagadougou (Burkina Faso),USR,219
220,-,-,USR,220
221,-,ShenZhen, China,USR,221
222,-,Niš, Serbia,USR,222
223,-,-,USR,223
224,,Buenos Aires, Argentina,USR,224
225,-,-,USR,225
226,The Marketing Store,-,USR,226
227,-,Stockholm, Sweden,USR,227
228,-,-,USR,228
229,-,-,USR,229
230,-,-,USR,230
231,,-,USR,231
232,-,-,USR,232
233,Lowlevel Studios,Salamanca, Spain,USR,233
234,Personal Use,Cluj-Napoca, Romania,USR,234
235,-,-,USR,235
236,,China,USR,236
237,BlueKai, Inc.,San Jose, California,USR,237
238,-,Sao Paulo, Brasil,USR,238
239,-,-,USR,239
240,-,-,USR,240
241,Wildfire, A Division of Google,Redwood City, CA,USR,241
242,-,UK,USR,242
243,-,-,USR,243
244,,Montreal,Quebec,Canada,USR,244
245,-,-,USR,245
246,-,Minsk, Belarus,USR,246
247,-,-,USR,247
248,http://ashchan.com,Saitama Japan (& Hangzhou, China),USR,248
249,-,-,USR,249
250,-,-,USR,250
251,,Chicago,USR,251
252,-,Finland,USR,252
253,-,-,USR,253
254,-,Czech Republic,USR,254
255,-,Den Haag,USR,255
256,Tribune Technology,Los Angeles CA,USR,256
257,-,Fortaleza, CE,USR,257
258,-,Ulm, Germany,USR,258
259,-,-,USR,259
260,-,-,USR,260
261,-,Pittsburgh, PA,USR,261
262,-,-,USR,262
263,-,-,USR,263
264,SOASTA, Inc (formerly Log-Normal, Inc),Cambridge, MA,USR,264
265,DataSift,Reading, United Kingdom,USR,265
266,-,Denver, Colorado,USR,266
267,Kaipi,Santiago, Chile,USR,267
268,-,Vienna, VA,USR,268
269,Research & Higher Education,France,USR,269
270,-,-,USR,270
271,FuzzyLogicSports,Columbia, SC,USR,271
272,-,--,USR,272
273,,--,USR,273
274,,-,USR,274
275,-,-,USR,275
276,University of Texas at Austin,Austin, TX,USR,276
277,-,-,USR,277
278,-,-,USR,278
279,-,-,USR,279
280,-,-,USR,280
281,Surrey University,Guildford,USR,281
282,-,Portugal,USR,282
283,-,oakland, ca,USR,283
284,EasyStats Ltd,Piliscsaba, Hungary,USR,284
285,-,-,USR,285
286,http://thoughtworks.com,Ft. Lauderdale, FL,USR,286
287,FOSS@RIT,Rochester NY,USR,287
288,mascgroup,Austria,USR,288
289,VMware,Beijing,USR,289
290,Boxkite,Ottawa, ON, Canada,USR,290
291,-,Amsterdam, The Netherlands,USR,291
292,A.I.LABS Verwaltungsgesellschaft & Co.KG,Germany,USR,292
293,-,CA,USR,293
294,-,-,USR,294
295,-,-,USR,295
296,-,France,USR,296
297,-,San Francisco, CA,USR,297
298,-,-,USR,298
299,-,Minsk, Belarus,USR,299
300,,San Diego, CA,USR,300
301,-,-,USR,301
302,18Months SRL,-,USR,302
303,-,United Kingdom,USR,303
304,Triangle Square Circle,Brooklyn,USR,304
305,,London, UK,USR,305
306,-,-,USR,306
307,-,-,USR,307
308,-,-,USR,308
309,Université Laval,Quebec,USR,309
310,,Canberra, Australia,USR,310
311,-,London, UK,USR,311
312,-,San Francisco,USR,312
313,Kunst-Technik-Einheit,Weimar,USR,313
314,-,-,USR,314
315,-,-,USR,315
316,,--,USR,316
317,-,-,USR,317
318,-,Leipzig,USR,318
319,-,-,USR,319
320,-,Brasil,USR,320
321,-,-,USR,321
322,-,Yuzhno-Sakhalinsk, Russia,USR,322
323,-,Oslo, Norway,USR,323
324,-,-,USR,324
325,-,-,USR,325
326,-,Wuhan, China,USR,326
327,Vanderbilt University,Nashville, TN,USR,327
328,-,Halle (Saale),USR,328
329,-,-,USR,329
330,,Minneapolis, MN,USR,330
331,-,Cordoba, Argentina,USR,331
332,Skout INC.,Santiago, Chile,USR,332
333,-,-,USR,333
334,-,-,USR,334
335,-,-,USR,335
336,-,Bologna, Italy,USR,336
337,-,-,USR,337
338,-,-,USR,338
339,-,-,USR,339
340,-,-,USR,340
341,-,-,USR,341
342,-,-,USR,342
343,Google,Mountain View, CA,USR,343
344,-,-,USR,344
345,SoundCloud,Berlin, Germany,USR,345
346,Pillar of Eden, LLC,San Francisco,USR,346
347,-,-,USR,347
348,-,China,USR,348
349,-,-,USR,349
350,-,ShangHai,USR,350
351,Newington College,Sydney, Australia,USR,351
352,HCI lab at Yonsei University, Seoul, Korea,--,USR,352
353,-,Minneapolis, MN,USR,353
354,,London, UK,USR,354
355,-,San Francisco, CA,USR,355
356,,Brooklyn, NY, USA,USR,356
357,-,New York, NY,USR,357
358,-,-,USR,358
359,andrevonhouck.com,-,USR,359
360,-,-,USR,360
361,UNC Chapel Hill,-,USR,361
362,Titech,Tokyo,USR,362
363,-,China,USR,363
364,-,New York, NY,USR,364
365,-,Belfast, Northern Ireland,USR,365
366,-,-,USR,366
367,jc00ke llc,Portland, OR,USR,367
368,,-,USR,368
369,-,-,USR,369
370,,San Francisco, CA,USR,370
371,Contract Developer,USA,USR,371
372,-,Denmark,USR,372
373,-,-,USR,373
374,-,-,USR,374
375,Hexwhale,kerala,USR,375
376,-,Columbia, SC,USR,376
377,cfxd.,charlotte,USR,377
378,GitHub,Seattle, WA,USR,378
379,Transitionpoint,Harrisonburg, VA,USR,379
380,,Amsterdam,USR,380
381,-,-,USR,381
382,,Los Angeles, California,USR,382
383,-,-,USR,383
384,Xebia,France, Paris,USR,384
385,-,Golden, CO,USR,385
386,-,Singapore,USR,386
387,,Missouri,USR,387
388,-,-,USR,388
389,Intelie,Vila Velha - ES,USR,389
390,,--,USR,390
391,,Copenhagen, Denmark,USR,391
392,NRU ITMO,St. Petersburg,USR,392
393,-,-,USR,393
394,PICB,Shanghai, China,USR,394
395,-,-,USR,395
396,-,Argentina,USR,396
397,Department of Economics, Stanford University,Stanford, CA,USR,397
398,University of Washington,Seattle, WA,USR,398
399,FaithStreet,New York,USR,399
400,-,-,USR,400
401,-,-,USR,401
402,-,-,USR,402
403,-,China,USR,403
404,-,Canosa di Puglia, Bari, Milano, Italy,USR,404
405,-,-,USR,405
406,-,-,USR,406
407,Facebook,Mountain View, CA,USR,407
408,-,San Diego, CA,USR,408
409,-,-,USR,409
410,-,-,USR,410
411,University of Pittsburgh,Pittsburgh, PA,USR,411
412,-,-,USR,412
413,-,-,USR,413
414,Facebook,-,USR,414
415,-,-,USR,415
416,Facebook,San Francisco Bay Area,USR,416
417,Xave Corp.,Paris,USR,417
418,,Beijing, China,USR,418
419,-,-,USR,419
420,-,Pasadena, CA,USR,420
421,-,-,USR,421
422,-,New Zealand,USR,422
423,Red Hat / JBoss,Brno, Czech Republic,USR,423
424,-,-,USR,424
425,IPE, CAS,-,USR,425
426,-,-,USR,426
427,-,San Jose, CA,USR,427
428,Mozilla Foundation,Toronto, ON,USR,428
429,-,-,USR,429
430,-,-,USR,430
431,-,-,USR,431
432,V3r (self),US-India,USR,432
433,-,-,USR,433
434,Streema,Buenos Aires, Argentina,USR,434
435,-,Lima, Perú,USR,435
436,-,Utah,USR,436
437,Andron Labs Inc,Sioux Falls, SD, USA,USR,437
438,-,-,USR,438
439,-,USA,USR,439
440,-,-,USR,440
441,Lab45,San Francisco,USR,441
442,,Stillwater, OK,USR,442
443,Facebook,San Francisco,USR,443
444,Facebook,-,USR,444
445,Bitcast.io,Nashville, TN,USR,445
446,na,Montreal,USR,446
447,Facebook,Palo Alto, CA,USR,447
448,-,-,USR,448
449,-,San Diego, CA,USR,449
450,-,-,USR,450
451,-,-,USR,451
452,-,-,USR,452
453,-,-,USR,453
454,-,London, UK,USR,454
455,Evercode Lab,St.Petersburg, Russia,USR,455
456,-,China Beijing,USR,456
457,-,-,USR,457
458,-,-,USR,458
459,-,Seattle, WA,USR,459
460,-,-,USR,460
461,Facebook,-,USR,461
462,Kerckhoff Heart Center, Department of Cardiac Surgery,Bad Nauheim, Germany,USR,462
463,-,Leiden, Netherlands,USR,463
464,Facebook,Palo Alto, CA,USR,464
465,Technological Deep,Russia, Moscow,USR,465
466,-,-,USR,466
467,Roche,Warsaw,USR,467
468,-,-,USR,468
469,-,-,USR,469
470,-,-,USR,470
471,-,-,USR,471
472,-,Dallas, TX,USR,472
473,Facebook,-,USR,473
474,werscientists,Lake charles,USR,474
475,-,-,USR,475
476,-,-,USR,476
477,-,-,USR,477
478,CJSC Quadratum Dev,Minsk, Belarus,USR,478
479,-,-,USR,479
480,Facebook,San Jose, CA, USA,USR,480
481,-,-,USR,481
482,-,-,USR,482
483,,vancity/detroit,USR,483
484,-,-,USR,484
485,Rubic,Netherlands,USR,485
486,bitbyte,Vancouver, Canada,USR,486
487,,Germany,USR,487
488,University of Nebraska-Lincoln,Lincoln, Nebraska, USA,USR,488
489,-,-,USR,489
490,-,-,USR,490
491,-,Germany,USR,491
492,IT.com,North Reading, MA,USR,492
493,-,-,USR,493
494,-,Russia,USR,494
495,-,-,USR,495
496,Scribd,San Francisco,USR,496
497,-,-,USR,497
498,-,London, United Kingdom,USR,498
499,Novak + Co.,Toronto,USR,499
500,-,-,USR,500
501,-,-,USR,501
502,,--,USR,502
503,-,Varna, Bulgaria,USR,503
504,-,-,USR,504
505,-,-,USR,505
506,,Chicago,USR,506
507,-,London, UK,USR,507
508,-,Chicago,USR,508
509,-,-,USR,509
510,-,Menlo Park, CA,USR,510
511,Microsoft,San Francisco,USR,511
512,-,-,USR,512
513,Cognizant Technologies Pvt. Ltd.,Salem, India,USR,513
514,Cerner Corporation,Shawnee, KS,USR,514
515,-,-,USR,515
516,-,Pisa, Italy,USR,516
517,Gamiv,Chihuahua, Chihuahua Mexico,USR,517
518,Meetup,-,USR,518
519,-,-,USR,519
520,Facebook Inc.,Seattle, WA,USR,520
521,-,-,USR,521
522,-,-,USR,522
523,-,-,USR,523
524,-,-,USR,524
525,-,-,USR,525
526,ComparaOnline.com,Santiago, Chile,USR,526
527,-,São Paulo, Brazil,USR,527
528,-,-,USR,528
529,Booking.com,Amsterdam, NL,USR,529
530,-,-,USR,530
531,-,-,USR,531
532,-,-,USR,532
533,-,-,USR,533
534,-,Poland,USR,534
535,-,-,USR,535
536,Facebook,Mountainview,USR,536
537,MechanisM,Saint Petersburg, Russia,USR,537
538,,Chicago, IL,USR,538
539,DOTSCREEN,Paris, France,USR,539
540,-,-,USR,540
541,-,-,USR,541
542,Activelabs,Paris (France), Chiang Mai (Thailand),USR,542
543,-,Xi'an, China,USR,543
544,Infochimps,Boston,USR,544
545,Harvard Medical School,Boston, MA,USR,545
546,-,Finland,USR,546
547,-,-,USR,547
548,freelance software consultant,Rome, Italy,USR,548
549,-,-,USR,549
550,Tatvic,Ahmedabad, India,USR,550
551,Kansas State University,Manhattan, KS,USR,551
552,shelf enterprises, inc. llc lp plc,Haymarket, Australia,USR,552
553, Ruby on Rails Contractor,San Francisco, CA,USR,553
554,-,-,USR,554
555,Hoot.me,Austin, TX,USR,555
556,-,Medellin, Colombia,USR,556
557,-,-,USR,557
558,-,-,USR,558
559,-,-,USR,559
560,-,-,USR,560
561,-,-,USR,561
562,-,-,USR,562
563,-,-,USR,563
564,-,-,USR,564
565,-,-,USR,565
566,Yieldbot,Portland, OR,USR,566
567,-,-,USR,567
568,-,Kyiv, Ukraine,USR,568
569,Krad Radio,Mountain View, CA,USR,569
570,Ness,Bangalore,USR,570
571,-,-,USR,571
572,SkillUpJapan Corp.,Shibuya, Tokyo, Japan,USR,572
573,-,-,USR,573
574,,--,USR,574
575,-,-,USR,575
576,,─=≡Σ(([ ⊐•̀⌂•́]⊐,USR,576
577,FreshAir,-,USR,577
578,-,-,USR,578
579,Made Byted,Stockholm, Sweden,USR,579
580,-,-,USR,580
581,-,-,USR,581
582,-,-,USR,582
583,-,Saint Petersburg, Russia,USR,583
584,,Korolev, Russia,USR,584
585,Detica,London,USR,585
586,Coconut Island Studio,Shanghai,USR,586
587,,-,USR,587
588,Jane Street,Hong Kong,USR,588
589,-,Chicago,USR,589
590,-,-,USR,590
591,-,-,USR,591
592,DataXu,Boston, MA,USR,592
593,,Nanning, Guangxi, China,USR,593
594,-,London,USR,594
595,-,-,USR,595
596,-,Germany,USR,596
597,http://path.to,Jacksonville Fl,USR,597
598,Platfora,San Mateo, CA,USR,598
599,Unemployed and Happy,India,USR,599
600,-,-,USR,600
601,-,-,USR,601
602,Facebook,-,USR,602
603,-,-,USR,603
604,-,Brazil,USR,604
605,Monkeys in Town Lda.,Portugal,USR,605
606,-,-,USR,606
607,-,-,USR,607
608,-,-,USR,608
609,Facebook,Palo Alto, CA,USR,609
610,Future Simple,Cracov,USR,610
611,-,Riga,USR,611
612,PhD Student,Helsinki, Finland,USR,612
613,-,-,USR,613
614,-,-,USR,614
615,-,-,USR,615
616,Sencha, Inc.,San Francisco, California,USR,616
617,-,-,USR,617
618,Simple,Wisconsin, USA,USR,618
619,-,-,USR,619
620,-,Jogja - Bandung,USR,620
621,-,-,USR,621
622,-,Okemos, MI,USR,622
623,-,São Paulo, Brazil,USR,623
624,-,-,USR,624
625,On Sails,Moscow, Russia,USR,625
626,-,-,USR,626
627,-,-,USR,627
628,Quickplay Media,Toronto,USR,628
629,-,New York,USR,629
630,-,-,USR,630
631,-,-,USR,631
632,University of Technology, Sydney,Sydney,USR,632
633,-,-,USR,633
634,home,Moscow,USR,634
635,Novartis Pharma AG,Basel (CH),USR,635
636,sobhe,Tehran,USR,636
637,-,Amsterdam,USR,637
638,-,-,USR,638
639,-,-,USR,639
640,-,-,USR,640
641,-,-,USR,641
642,-,-,USR,642
643,Arc90,Brooklyn, New York,USR,643
644,-,-,USR,644
645,-,-,USR,645
646,-,-,USR,646
647,-,-,USR,647
648,-,-,USR,648
649,http://weebu.com,Reno, NV,USR,649
650,-,-,USR,650
651,-,Houston, Texas, United States of America,USR,651
652,-,-,USR,652
653,-,Baltimore, Maryland,USR,653
654,-,-,USR,654
655,CWA. BeiJing,Beijing China,USR,655
656,-,-,USR,656
657,-,Azeroth,ORG,657
658,-,-,USR,658
659,-,-,USR,659
660,-,-,USR,660
661,-,-,USR,661
662,-,-,USR,662
663,-,-,USR,663
664,-,-,USR,664
665,-,china,USR,665
666,-,Jakarta, Indonesia,USR,666
667,-,-,USR,667
668,-,-,USR,668
669,-,-,USR,669
670,-,São Leopoldo, RS, Brasil,USR,670
671,Vistage International,San Diego, California,USR,671
672,-,-,USR,672
673,-,china,USR,673
674,-,-,USR,674
675,ucweb,Beijing China,USR,675
676,-,-,USR,676
677,-,-,USR,677
678,-,Buffalo, NY,USR,678
679,-,-,USR,679
680,-,-,USR,680
681,-,-,USR,681
682,EA,beijing,USR,682
683,-,New York,USR,683
684,-,-,USR,684
685,-,-,USR,685
686,-,-,USR,686
687,-,-,USR,687
688,-,-,USR,688
689,IIIT Hyderabad,Hyderabad,USR,689
690,sinapsis.co,Medellín, Colombia,USR,690
691,-,-,USR,691
692,-,-,USR,692
693,,Portland, OR,USR,693
694,Freelancer,Berlin / GERMANY,USR,694
695,-,-,USR,695
696,AresLabs,USA,USR,696
697,-,-,USR,697
698,-,-,USR,698
699,Cass Business School,London,USR,699
700,-,-,USR,700
701,-,-,USR,701
702,-,-,USR,702
703,Twitter,San Francisco, CA,USR,703
704,-,-,USR,704
705,-,Landau / Germany,USR,705
706,Web5design, StudioIMC, The IMC Lab + Gallery,New York City,USR,706
707,-,-,USR,707
708,-,-,USR,708
709,-,-,USR,709
710,University of Chicago,Chicago, IL,USR,710
711,-,-,USR,711
712,SXC,Beijing, China,USR,712
713,Jacobs University,Bremen,USR,713
714,-,-,USR,714
715,-,At 3 nm from the BIOS. :),USR,715
716,-,-,USR,716
717,Bocoup,Boston,USR,717
718,-,Mountain View, CA,USR,718
719,-,-,USR,719
720,-,Dalian,ORG,720
721,Lab49,NY,USR,721
722,-,-,USR,722
723,monoBytes LLC,RTP,USR,723
724,-,-,USR,724
725,-,-,USR,725
726,-,-,USR,726
727,-,Uviéu (Asturies),USR,727
728,,Loveland, CO,USR,728
729,-,-,USR,729
730,-,-,USR,730
731,,China,USR,731
732,BioTeam, Inc,Pittsburgh, PA,USR,732
733,-,Porto, Portugal,USR,733
734,Home,Somewhere in the Eastern US,USR,734
735,-,-,USR,735
736,-,New York / Istanbul,USR,736
737,,Zurich, Switzerland,USR,737
738,-,Saint-Petersburg Russia,USR,738
739,SAP,China,USR,739
740,Western Psychiatric Institute of UPMC,Pittsburgh, PA,USR,740
741,-,Częstochowa, Poland,ORG,741
742,University of Cologne,Cologne (GER),USR,742
743,-,-,USR,743
744,Facebook,Menlo Park, CA,USR,744
745,getaroom.com,Plano, TX,USR,745
746,-,-,USR,746
747,-,Toronto, Canada,USR,747
748,-,-,USR,748
749,University of Colorado at Boulder,Boulder, CO,USR,749
750,-,-,USR,750
751,-,Tallahassee, FL,USR,751
752,logic:dream,Amsterdam, NL,USR,752
753,-,-,USR,753
754,INSERM U669,France, Paris,USR,754
755,Hertie School of Governance,Germany,USR,755
756,ELTE / AITIA International, Inc.,Hungary, Budapest,USR,756
757,www.metamedia.pl,Warsaw, Poland,USR,757
758,-,-,USR,758
759,Yale University,-,USR,759
760,-,-,USR,760
761,-,-,USR,761
762,-,Palo Alto,USR,762
763,-,Ireland,USR,763
764,TensorMap, Inc,Charlotte, NC,USR,764
765,-,-,USR,765
766,-,-,USR,766
767,-,-,USR,767
768,-,Pittsburgh, PA,USR,768
769,-,-,USR,769
770,http://KaiGuanXi.com,Beijing, China,USR,770
771,-,-,USR,771
772,-,New York, NY,USR,772
773,-,-,USR,773
774,-,-,USR,774
775,-,-,USR,775
776,-,Seoul, Korea,USR,776
777,-,Philly,USR,777
778,-,-,USR,778
779,School of Computer Science and Technology, Shandong University,Jinan, China,USR,779
780,-,-,USR,780
781,-,-,USR,781
782,-,Ireland,USR,782
783,-,Beijing,China,USR,783
784,,-,USR,784
785,-,Canberra, Australia,USR,785
786,-,-,USR,786
787,-,-,USR,787
788,freelancer,Beijing, China,USR,788
789,Northwestern University,Chicago, IL,USR,789
790,-,-,USR,790
791,ninetowns.com,beijing,USR,791
792,-,-,USR,792
793,-,-,USR,793
794,University of Hull,Hull, UK,USR,794
795,-,-,ORG,795
796,-,-,USR,796
797,-,Knoxville, TN  USA,USR,797
798,Stanford  University,Palo Alto, CA,USR,798
799,-,-,USR,799
800,-,-,USR,800
801,-,-,USR,801
802,-,-,USR,802
803,-,Beijing China,USR,803
804,-,-,USR,804
805,-,-,USR,805
806,-,UK,USR,806
807,-,-,USR,807
808,HIT-SCIR,-,USR,808
809,-,Poland,USR,809
810,-,-,USR,810
811,-,-,USR,811
812,-,-,USR,812
813,-,-,USR,813
814,-,Prince George, BC,USR,814
815,-,-,USR,815
816,-,Norway,USR,816
817,-,-,USR,817
818,-,-,USR,818
819,-,-,USR,819
820,-,Helsink, Finland,USR,820
821,-,New York,USR,821
822,-,Beijing,USR,822
823,-,-,USR,823
824,-,Melbourne, Australia,USR,824
825,,Boston, MA,USR,825
826,-,-,USR,826
827,-,-,USR,827
828,-,-,USR,828
829,WisconsinDPI,Madison, Wisconsin,USR,829
830,,montevideo,USR,830
831,-,-,USR,831
832,-,-,USR,832
833,BlueLabs,Washington, DC,USR,833
834,-,-,USR,834
835,-,-,USR,835
836,BugSense,-,USR,836
837,Math & Pencil, SocialQ, Employii,nyc, ny,USR,837
838,personal,INDIA,USR,838
839,Engine Yard,-,USR,839
840,-,Ukraine,USR,840
841,Credishop S/A,Brazil,USR,841
842,Duke University,NC,USR,842
843,-,-,USR,843
844,-,-,USR,844
845,cjgamelab,seoul, korea,USR,845
846,-,Missoula, MT,USR,846
847,-,Russia. Omsk,USR,847
848,-,China,USR,848
849,-,-,USR,849
850,-,-,USR,850
851,-,-,USR,851
852,-,-,USR,852
853,,-,USR,853
854,-,Brest, Belarus,USR,854
855,leptonix,Tiel (Netherlands),USR,855
856,Unversity of Cambridge,Cambridge, UK,USR,856
857,-,-,USR,857
858,-,Tomsk, Russia,USR,858
859,-,Lafayette, Indiana,USR,859
860,-,-,USR,860
861,-,-,USR,861
862,-,shenyang,china.,USR,862
863,Kizmeta,Kansas City,USR,863
864,-,-,USR,864
865,Amazon,Bangalore,USR,865
866,-,Bremen, Germany,USR,866
867,-,-,USR,867
868,-,-,USR,868
869,-,-,USR,869
870,-,-,USR,870
871,,DC,USR,871
872,-,-,USR,872
873,bitly,NYC,USR,873
874,University of Sheffield,Sheffield,USR,874
875,-,-,USR,875
876,-,-,USR,876
877,-,Makkah, Saudi Arabia - Waterloo, Canada,USR,877
878,-,-,USR,878
879,-,-,USR,879
880,-,-,USR,880
881,-,-,USR,881
882,infochimps.com,Austin, TX USA,USR,882
883,百度,北京,USR,883
884,M,WanChai,USR,884
885,Erudify,Zürich, Switzerland,USR,885
886,,-,USR,886
887,-,-,USR,887
888,-,Richmond, VA,USR,888
889,RCE,Ponce, PR,USR,889
890,Oscaro.com,Paris, France,USR,890
891,-,-,USR,891
892,-,-,USR,892
893,-,-,USR,893
894,-,Paris,USR,894
895,-,-,USR,895
896,-,Ottawa, ON, Canada,USR,896
897,Crizzo Designs,Hyrule,USR,897
898,http://www.anrengroup.com,beijing,china,USR,898
899,3DMX Consulting Limited,London,USR,899
900,-,Taipei, Taiwan,USR,900
901,-,-,USR,901
902,-,Richardson, TX,ORG,902
903,-,Edinburgh,USR,903
904,-,Buenos Aires, Argentina,USR,904
905,-,-,USR,905
906,-,-,USR,906
907,-,Seattle, Washington,USR,907
908,-,-,USR,908
909,Norwegian School of Veterinary Science,Oslo, Norway,USR,909
910,-,Beijing,USR,910
911,-,-,USR,911
912,-,Stockholm, Sweden,USR,912
913,Brown University,-,USR,913
914,PWS Alaska LLC,Anchorage Alaska,USR,914
915,-,-,USR,915
916,-,Tartu, Estonia,USR,916
917,THSS,-,USR,917
918,-,Washington DC,USR,918
919,-,-,USR,919
920,-,-,USR,920
921,-,Canada,USR,921
922,-,-,USR,922
923,-,-,USR,923
924,-,DE,USR,924
925,-,-,USR,925
926,-,San Diego, CA,USR,926
927,NYU Stern - Information Systems Group,New York, NY,USR,927
928,-,-,USR,928
929,-,-,USR,929
930,Kickstarter,Brooklyn NY,USR,930
931,-,-,USR,931
932,-,-,USR,932
933,-,-,USR,933
934,-,-,USR,934
935,-,-,USR,935
936,ZenDeals,--,USR,936
937,-,Singapore,USR,937
938,NTHU CSIE,-,USR,938
939,-,-,USR,939
940,UC Berkeley, Dept. of Earth & Planetary Science,Berkeley, California,USR,940
941,-,-,USR,941
942,,-,USR,942
943,StatX,Christchurch, New Zealand,USR,943
944,-,London, United Kingdom,USR,944
945,CS, PKU,Beijing,USR,945
946,-,-,USR,946
947,Atlanta VAMC / Emory University,Atlanta, GA,USR,947
948,-,-,USR,948
949,-,-,USR,949
950,-,-,USR,950
951,-,-,USR,951
952,-,-,USR,952
953,hust,wuhan,USR,953
954,-,-,USR,954
955,-,-,USR,955
956,Top Line View,London,USR,956
957,Industrial Remote-Controlled Peanut Butterers Parts & Supplies and Bagels Company,http://gitorious.org/tlevine/,USR,957
958,-,-,USR,958
959,Ringarin - http://ringar.in,Seocho, South Korea,USR,959
960,-,Germany,USR,960
961,,Boulder,USR,961
962,-,-,USR,962
963,Princeton Plasma Physics Laboratory,Princeton NJ,USR,963
964,-,-,USR,964
965,Trestle Technology,Dallas, TX,USR,965
966,AVOS,BeiJing,USR,966
967,-,-,USR,967
968,-,-,USR,968
969,-,BeiJing, China,USR,969
970,Sense,San Francisco, CA,USR,970
971,-,Kansas City, USA,USR,971
972,-,-,USR,972
973,-,San Francisco,USR,973
974,-,Sydney,USR,974
975,-,-,USR,975
976,-,-,USR,976
977,-,Kansas City, MO,USR,977
978,-,-,USR,978
979,-,-,USR,979
980,Wlab Inc.,Seoul/Korea,USR,980
981,-,-,USR,981
982,douban.com,China,USR,982
983,-,-,USR,983
984,Ant Genomics & Evolution,Queen Mary University London,USR,984
985,-,-,USR,985
986,-,Syracuse,USR,986
987,-,-,USR,987
988,-,-,USR,988
989,-,-,USR,989
990,-,Los Angeles, CA,USR,990
991,sangfor,ShenZhen in China.,USR,991
992,-,-,USR,992
993,-,-,USR,993
994,-,-,USR,994
995,-,-,USR,995
996,ASTRO RATS,Dresden, Germany,USR,996
997,-,-,ORG,997
998,-,-,USR,998
999,-,-,USR,999
1000,Orchestra Entertainment,China,USR,1000
